{"RuleTriggered": 0, "Violations": 0, "Details": {"step_num": {"first": 1624910781145576, "last": 1624911053709557}, "job_start": 1624910651.65304, "job_end": 1624911059.653333}, "Datapoints": 104, "RuleParameters": "threshold:20"}